gene_id	gene_index	start_position	end_position	n_variants	variants
gene_0	0	0	50000	25	var_0,var_1,var_2,var_3,var_4,var_5,var_6,var_7,var_8,var_9,var_10,var_11,var_12,var_13,var_14,var_15,var_16,var_17,var_18,var_19,var_20,var_21,var_22,var_23,var_24
gene_1	1	167317	217317	21	var_80,var_81,var_82,var_83,var_84,var_85,var_86,var_87,var_88,var_89,var_90,var_91,var_92,var_93,var_94,var_95,var_96,var_97,var_98,var_99,var_100
gene_2	2	969847	1019847	20	var_474,var_475,var_476,var_477,var_478,var_479,var_480,var_481,var_482,var_483,var_484,var_485,var_486,var_487,var_488,var_489,var_490,var_491,var_492,var_493
gene_3	3	1349033	1399033	25	var_646,var_647,var_648,var_649,var_650,var_651,var_652,var_653,var_654,var_655,var_656,var_657,var_658,var_659,var_660,var_661,var_662,var_663,var_664,var_665,var_666,var_667,var_668,var_669,var_670
gene_4	4	1627268	1677268	33	var_756,var_757,var_758,var_759,var_760,var_761,var_762,var_763,var_764,var_765,var_766,var_767,var_768,var_769,var_770,var_771,var_772,var_773,var_774,var_775,var_776,var_777,var_778,var_779,var_780,var_781,var_782,var_783,var_784,var_785,var_786,var_787,var_788
gene_5	5	1719674	1769674	25	var_810,var_811,var_812,var_813,var_814,var_815,var_816,var_817,var_818,var_819,var_820,var_821,var_822,var_823,var_824,var_825,var_826,var_827,var_828,var_829,var_830,var_831,var_832,var_833,var_834
gene_6	6	1812073	1862073	29	var_857,var_858,var_859,var_860,var_861,var_862,var_863,var_864,var_865,var_866,var_867,var_868,var_869,var_870,var_871,var_872,var_873,var_874,var_875,var_876,var_877,var_878,var_879,var_880,var_881,var_882,var_883,var_884,var_885
gene_7	7	1877032	1927032	29	var_891,var_892,var_893,var_894,var_895,var_896,var_897,var_898,var_899,var_900,var_901,var_902,var_903,var_904,var_905,var_906,var_907,var_908,var_909,var_910,var_911,var_912,var_913,var_914,var_915,var_916,var_917,var_918,var_919
gene_8	8	2429839	2479839	31	var_1167,var_1168,var_1169,var_1170,var_1171,var_1172,var_1173,var_1174,var_1175,var_1176,var_1177,var_1178,var_1179,var_1180,var_1181,var_1182,var_1183,var_1184,var_1185,var_1186,var_1187,var_1188,var_1189,var_1190,var_1191,var_1192,var_1193,var_1194,var_1195,var_1196,var_1197
gene_9	9	2709609	2759609	28	var_1339,var_1340,var_1341,var_1342,var_1343,var_1344,var_1345,var_1346,var_1347,var_1348,var_1349,var_1350,var_1351,var_1352,var_1353,var_1354,var_1355,var_1356,var_1357,var_1358,var_1359,var_1360,var_1361,var_1362,var_1363,var_1364,var_1365,var_1366
gene_10	10	3067421	3117421	31	var_1531,var_1532,var_1533,var_1534,var_1535,var_1536,var_1537,var_1538,var_1539,var_1540,var_1541,var_1542,var_1543,var_1544,var_1545,var_1546,var_1547,var_1548,var_1549,var_1550,var_1551,var_1552,var_1553,var_1554,var_1555,var_1556,var_1557,var_1558,var_1559,var_1560,var_1561
gene_11	11	3122620	3172620	25	var_1563,var_1564,var_1565,var_1566,var_1567,var_1568,var_1569,var_1570,var_1571,var_1572,var_1573,var_1574,var_1575,var_1576,var_1577,var_1578,var_1579,var_1580,var_1581,var_1582,var_1583,var_1584,var_1585,var_1586,var_1587
gene_12	12	4048509	4098509	24	var_2011,var_2012,var_2013,var_2014,var_2015,var_2016,var_2017,var_2018,var_2019,var_2020,var_2021,var_2022,var_2023,var_2024,var_2025,var_2026,var_2027,var_2028,var_2029,var_2030,var_2031,var_2032,var_2033,var_2034
gene_13	13	4545116	4595116	27	var_2253,var_2254,var_2255,var_2256,var_2257,var_2258,var_2259,var_2260,var_2261,var_2262,var_2263,var_2264,var_2265,var_2266,var_2267,var_2268,var_2269,var_2270,var_2271,var_2272,var_2273,var_2274,var_2275,var_2276,var_2277,var_2278,var_2279
gene_14	14	4654787	4704787	25	var_2307,var_2308,var_2309,var_2310,var_2311,var_2312,var_2313,var_2314,var_2315,var_2316,var_2317,var_2318,var_2319,var_2320,var_2321,var_2322,var_2323,var_2324,var_2325,var_2326,var_2327,var_2328,var_2329,var_2330,var_2331
gene_15	15	4754956	4804956	23	var_2364,var_2365,var_2366,var_2367,var_2368,var_2369,var_2370,var_2371,var_2372,var_2373,var_2374,var_2375,var_2376,var_2377,var_2378,var_2379,var_2380,var_2381,var_2382,var_2383,var_2384,var_2385,var_2386
gene_16	16	4855608	4905608	43	var_2422,var_2423,var_2424,var_2425,var_2426,var_2427,var_2428,var_2429,var_2430,var_2431,var_2432,var_2433,var_2434,var_2435,var_2436,var_2437,var_2438,var_2439,var_2440,var_2441,var_2442,var_2443,var_2444,var_2445,var_2446,var_2447,var_2448,var_2449,var_2450,var_2451,var_2452,var_2453,var_2454,var_2455,var_2456,var_2457,var_2458,var_2459,var_2460,var_2461,var_2462,var_2463,var_2464
gene_17	17	4996296	5046296	22	var_2511,var_2512,var_2513,var_2514,var_2515,var_2516,var_2517,var_2518,var_2519,var_2520,var_2521,var_2522,var_2523,var_2524,var_2525,var_2526,var_2527,var_2528,var_2529,var_2530,var_2531,var_2532
gene_18	18	5232277	5282277	20	var_2633,var_2634,var_2635,var_2636,var_2637,var_2638,var_2639,var_2640,var_2641,var_2642,var_2643,var_2644,var_2645,var_2646,var_2647,var_2648,var_2649,var_2650,var_2651,var_2652
gene_19	19	5423661	5473661	28	var_2714,var_2715,var_2716,var_2717,var_2718,var_2719,var_2720,var_2721,var_2722,var_2723,var_2724,var_2725,var_2726,var_2727,var_2728,var_2729,var_2730,var_2731,var_2732,var_2733,var_2734,var_2735,var_2736,var_2737,var_2738,var_2739,var_2740,var_2741
gene_20	20	5559716	5609716	28	var_2782,var_2783,var_2784,var_2785,var_2786,var_2787,var_2788,var_2789,var_2790,var_2791,var_2792,var_2793,var_2794,var_2795,var_2796,var_2797,var_2798,var_2799,var_2800,var_2801,var_2802,var_2803,var_2804,var_2805,var_2806,var_2807,var_2808,var_2809
gene_21	21	5846308	5896308	33	var_2931,var_2932,var_2933,var_2934,var_2935,var_2936,var_2937,var_2938,var_2939,var_2940,var_2941,var_2942,var_2943,var_2944,var_2945,var_2946,var_2947,var_2948,var_2949,var_2950,var_2951,var_2952,var_2953,var_2954,var_2955,var_2956,var_2957,var_2958,var_2959,var_2960,var_2961,var_2962,var_2963
gene_22	22	5933866	5983866	27	var_2983,var_2984,var_2985,var_2986,var_2987,var_2988,var_2989,var_2990,var_2991,var_2992,var_2993,var_2994,var_2995,var_2996,var_2997,var_2998,var_2999,var_3000,var_3001,var_3002,var_3003,var_3004,var_3005,var_3006,var_3007,var_3008,var_3009
gene_23	23	6070244	6120244	31	var_3054,var_3055,var_3056,var_3057,var_3058,var_3059,var_3060,var_3061,var_3062,var_3063,var_3064,var_3065,var_3066,var_3067,var_3068,var_3069,var_3070,var_3071,var_3072,var_3073,var_3074,var_3075,var_3076,var_3077,var_3078,var_3079,var_3080,var_3081,var_3082,var_3083,var_3084
gene_24	24	6234313	6284313	23	var_3138,var_3139,var_3140,var_3141,var_3142,var_3143,var_3144,var_3145,var_3146,var_3147,var_3148,var_3149,var_3150,var_3151,var_3152,var_3153,var_3154,var_3155,var_3156,var_3157,var_3158,var_3159,var_3160
gene_25	25	6436546	6486546	19	var_3247,var_3248,var_3249,var_3250,var_3251,var_3252,var_3253,var_3254,var_3255,var_3256,var_3257,var_3258,var_3259,var_3260,var_3261,var_3262,var_3263,var_3264,var_3265
gene_26	26	6871030	6921030	27	var_3467,var_3468,var_3469,var_3470,var_3471,var_3472,var_3473,var_3474,var_3475,var_3476,var_3477,var_3478,var_3479,var_3480,var_3481,var_3482,var_3483,var_3484,var_3485,var_3486,var_3487,var_3488,var_3489,var_3490,var_3491,var_3492,var_3493
gene_27	27	6976713	7026713	25	var_3527,var_3528,var_3529,var_3530,var_3531,var_3532,var_3533,var_3534,var_3535,var_3536,var_3537,var_3538,var_3539,var_3540,var_3541,var_3542,var_3543,var_3544,var_3545,var_3546,var_3547,var_3548,var_3549,var_3550,var_3551
gene_28	28	7207220	7257220	26	var_3642,var_3643,var_3644,var_3645,var_3646,var_3647,var_3648,var_3649,var_3650,var_3651,var_3652,var_3653,var_3654,var_3655,var_3656,var_3657,var_3658,var_3659,var_3660,var_3661,var_3662,var_3663,var_3664,var_3665,var_3666,var_3667
gene_29	29	7481596	7531596	31	var_3780,var_3781,var_3782,var_3783,var_3784,var_3785,var_3786,var_3787,var_3788,var_3789,var_3790,var_3791,var_3792,var_3793,var_3794,var_3795,var_3796,var_3797,var_3798,var_3799,var_3800,var_3801,var_3802,var_3803,var_3804,var_3805,var_3806,var_3807,var_3808,var_3809,var_3810
gene_30	30	7543486	7593486	24	var_3816,var_3817,var_3818,var_3819,var_3820,var_3821,var_3822,var_3823,var_3824,var_3825,var_3826,var_3827,var_3828,var_3829,var_3830,var_3831,var_3832,var_3833,var_3834,var_3835,var_3836,var_3837,var_3838,var_3839
gene_31	31	7827319	7877319	24	var_3957,var_3958,var_3959,var_3960,var_3961,var_3962,var_3963,var_3964,var_3965,var_3966,var_3967,var_3968,var_3969,var_3970,var_3971,var_3972,var_3973,var_3974,var_3975,var_3976,var_3977,var_3978,var_3979,var_3980
gene_32	32	7924059	7974059	28	var_3998,var_3999,var_4000,var_4001,var_4002,var_4003,var_4004,var_4005,var_4006,var_4007,var_4008,var_4009,var_4010,var_4011,var_4012,var_4013,var_4014,var_4015,var_4016,var_4017,var_4018,var_4019,var_4020,var_4021,var_4022,var_4023,var_4024,var_4025
gene_33	33	7990874	8040874	19	var_4039,var_4040,var_4041,var_4042,var_4043,var_4044,var_4045,var_4046,var_4047,var_4048,var_4049,var_4050,var_4051,var_4052,var_4053,var_4054,var_4055,var_4056,var_4057
gene_34	34	8784295	8834295	23	var_4439,var_4440,var_4441,var_4442,var_4443,var_4444,var_4445,var_4446,var_4447,var_4448,var_4449,var_4450,var_4451,var_4452,var_4453,var_4454,var_4455,var_4456,var_4457,var_4458,var_4459,var_4460,var_4461
gene_35	35	9676952	9726952	28	var_4873,var_4874,var_4875,var_4876,var_4877,var_4878,var_4879,var_4880,var_4881,var_4882,var_4883,var_4884,var_4885,var_4886,var_4887,var_4888,var_4889,var_4890,var_4891,var_4892,var_4893,var_4894,var_4895,var_4896,var_4897,var_4898,var_4899,var_4900
gene_36	36	10140034	10190034	14	var_5084,var_5085,var_5086,var_5087,var_5088,var_5089,var_5090,var_5091,var_5092,var_5093,var_5094,var_5095,var_5096,var_5097
gene_37	37	10280855	10330855	26	var_5140,var_5141,var_5142,var_5143,var_5144,var_5145,var_5146,var_5147,var_5148,var_5149,var_5150,var_5151,var_5152,var_5153,var_5154,var_5155,var_5156,var_5157,var_5158,var_5159,var_5160,var_5161,var_5162,var_5163,var_5164,var_5165
gene_38	38	10356549	10406549	24	var_5177,var_5178,var_5179,var_5180,var_5181,var_5182,var_5183,var_5184,var_5185,var_5186,var_5187,var_5188,var_5189,var_5190,var_5191,var_5192,var_5193,var_5194,var_5195,var_5196,var_5197,var_5198,var_5199,var_5200
gene_39	39	10694736	10744736	18	var_5353,var_5354,var_5355,var_5356,var_5357,var_5358,var_5359,var_5360,var_5361,var_5362,var_5363,var_5364,var_5365,var_5366,var_5367,var_5368,var_5369,var_5370
gene_40	40	10889758	10939758	36	var_5448,var_5449,var_5450,var_5451,var_5452,var_5453,var_5454,var_5455,var_5456,var_5457,var_5458,var_5459,var_5460,var_5461,var_5462,var_5463,var_5464,var_5465,var_5466,var_5467,var_5468,var_5469,var_5470,var_5471,var_5472,var_5473,var_5474,var_5475,var_5476,var_5477,var_5478,var_5479,var_5480,var_5481,var_5482,var_5483
gene_41	41	10972296	11022296	27	var_5500,var_5501,var_5502,var_5503,var_5504,var_5505,var_5506,var_5507,var_5508,var_5509,var_5510,var_5511,var_5512,var_5513,var_5514,var_5515,var_5516,var_5517,var_5518,var_5519,var_5520,var_5521,var_5522,var_5523,var_5524,var_5525,var_5526
gene_42	42	11193182	11243182	24	var_5595,var_5596,var_5597,var_5598,var_5599,var_5600,var_5601,var_5602,var_5603,var_5604,var_5605,var_5606,var_5607,var_5608,var_5609,var_5610,var_5611,var_5612,var_5613,var_5614,var_5615,var_5616,var_5617,var_5618
gene_43	43	11251930	11301930	21	var_5622,var_5623,var_5624,var_5625,var_5626,var_5627,var_5628,var_5629,var_5630,var_5631,var_5632,var_5633,var_5634,var_5635,var_5636,var_5637,var_5638,var_5639,var_5640,var_5641,var_5642
gene_44	44	11902035	11952035	31	var_5977,var_5978,var_5979,var_5980,var_5981,var_5982,var_5983,var_5984,var_5985,var_5986,var_5987,var_5988,var_5989,var_5990,var_5991,var_5992,var_5993,var_5994,var_5995,var_5996,var_5997,var_5998,var_5999,var_6000,var_6001,var_6002,var_6003,var_6004,var_6005,var_6006,var_6007
gene_45	45	12026899	12076899	30	var_6042,var_6043,var_6044,var_6045,var_6046,var_6047,var_6048,var_6049,var_6050,var_6051,var_6052,var_6053,var_6054,var_6055,var_6056,var_6057,var_6058,var_6059,var_6060,var_6061,var_6062,var_6063,var_6064,var_6065,var_6066,var_6067,var_6068,var_6069,var_6070,var_6071
gene_46	46	12348462	12398462	41	var_6203,var_6204,var_6205,var_6206,var_6207,var_6208,var_6209,var_6210,var_6211,var_6212,var_6213,var_6214,var_6215,var_6216,var_6217,var_6218,var_6219,var_6220,var_6221,var_6222,var_6223,var_6224,var_6225,var_6226,var_6227,var_6228,var_6229,var_6230,var_6231,var_6232,var_6233,var_6234,var_6235,var_6236,var_6237,var_6238,var_6239,var_6240,var_6241,var_6242,var_6243
gene_47	47	12491848	12541848	33	var_6288,var_6289,var_6290,var_6291,var_6292,var_6293,var_6294,var_6295,var_6296,var_6297,var_6298,var_6299,var_6300,var_6301,var_6302,var_6303,var_6304,var_6305,var_6306,var_6307,var_6308,var_6309,var_6310,var_6311,var_6312,var_6313,var_6314,var_6315,var_6316,var_6317,var_6318,var_6319,var_6320
gene_48	48	12725375	12775375	22	var_6399,var_6400,var_6401,var_6402,var_6403,var_6404,var_6405,var_6406,var_6407,var_6408,var_6409,var_6410,var_6411,var_6412,var_6413,var_6414,var_6415,var_6416,var_6417,var_6418,var_6419,var_6420
gene_49	49	12973180	13023180	28	var_6493,var_6494,var_6495,var_6496,var_6497,var_6498,var_6499,var_6500,var_6501,var_6502,var_6503,var_6504,var_6505,var_6506,var_6507,var_6508,var_6509,var_6510,var_6511,var_6512,var_6513,var_6514,var_6515,var_6516,var_6517,var_6518,var_6519,var_6520
gene_50	50	13074277	13124277	29	var_6551,var_6552,var_6553,var_6554,var_6555,var_6556,var_6557,var_6558,var_6559,var_6560,var_6561,var_6562,var_6563,var_6564,var_6565,var_6566,var_6567,var_6568,var_6569,var_6570,var_6571,var_6572,var_6573,var_6574,var_6575,var_6576,var_6577,var_6578,var_6579
gene_51	51	13997478	14047478	21	var_6972,var_6973,var_6974,var_6975,var_6976,var_6977,var_6978,var_6979,var_6980,var_6981,var_6982,var_6983,var_6984,var_6985,var_6986,var_6987,var_6988,var_6989,var_6990,var_6991,var_6992
gene_52	52	14420539	14470539	33	var_7165,var_7166,var_7167,var_7168,var_7169,var_7170,var_7171,var_7172,var_7173,var_7174,var_7175,var_7176,var_7177,var_7178,var_7179,var_7180,var_7181,var_7182,var_7183,var_7184,var_7185,var_7186,var_7187,var_7188,var_7189,var_7190,var_7191,var_7192,var_7193,var_7194,var_7195,var_7196,var_7197
gene_53	53	15171812	15221812	27	var_7588,var_7589,var_7590,var_7591,var_7592,var_7593,var_7594,var_7595,var_7596,var_7597,var_7598,var_7599,var_7600,var_7601,var_7602,var_7603,var_7604,var_7605,var_7606,var_7607,var_7608,var_7609,var_7610,var_7611,var_7612,var_7613,var_7614
gene_54	54	15784849	15834849	26	var_7894,var_7895,var_7896,var_7897,var_7898,var_7899,var_7900,var_7901,var_7902,var_7903,var_7904,var_7905,var_7906,var_7907,var_7908,var_7909,var_7910,var_7911,var_7912,var_7913,var_7914,var_7915,var_7916,var_7917,var_7918,var_7919
gene_55	55	16062612	16112612	21	var_8020,var_8021,var_8022,var_8023,var_8024,var_8025,var_8026,var_8027,var_8028,var_8029,var_8030,var_8031,var_8032,var_8033,var_8034,var_8035,var_8036,var_8037,var_8038,var_8039,var_8040
gene_56	56	16749970	16799970	27	var_8372,var_8373,var_8374,var_8375,var_8376,var_8377,var_8378,var_8379,var_8380,var_8381,var_8382,var_8383,var_8384,var_8385,var_8386,var_8387,var_8388,var_8389,var_8390,var_8391,var_8392,var_8393,var_8394,var_8395,var_8396,var_8397,var_8398
gene_57	57	16823133	16873133	30	var_8412,var_8413,var_8414,var_8415,var_8416,var_8417,var_8418,var_8419,var_8420,var_8421,var_8422,var_8423,var_8424,var_8425,var_8426,var_8427,var_8428,var_8429,var_8430,var_8431,var_8432,var_8433,var_8434,var_8435,var_8436,var_8437,var_8438,var_8439,var_8440,var_8441
gene_58	58	16927666	16977666	35	var_8472,var_8473,var_8474,var_8475,var_8476,var_8477,var_8478,var_8479,var_8480,var_8481,var_8482,var_8483,var_8484,var_8485,var_8486,var_8487,var_8488,var_8489,var_8490,var_8491,var_8492,var_8493,var_8494,var_8495,var_8496,var_8497,var_8498,var_8499,var_8500,var_8501,var_8502,var_8503,var_8504,var_8505,var_8506
gene_59	59	16989236	17039236	28	var_8513,var_8514,var_8515,var_8516,var_8517,var_8518,var_8519,var_8520,var_8521,var_8522,var_8523,var_8524,var_8525,var_8526,var_8527,var_8528,var_8529,var_8530,var_8531,var_8532,var_8533,var_8534,var_8535,var_8536,var_8537,var_8538,var_8539,var_8540
gene_60	60	17137619	17187619	20	var_8595,var_8596,var_8597,var_8598,var_8599,var_8600,var_8601,var_8602,var_8603,var_8604,var_8605,var_8606,var_8607,var_8608,var_8609,var_8610,var_8611,var_8612,var_8613,var_8614
gene_61	61	17310651	17360651	16	var_8664,var_8665,var_8666,var_8667,var_8668,var_8669,var_8670,var_8671,var_8672,var_8673,var_8674,var_8675,var_8676,var_8677,var_8678,var_8679
gene_62	62	17439791	17489791	33	var_8718,var_8719,var_8720,var_8721,var_8722,var_8723,var_8724,var_8725,var_8726,var_8727,var_8728,var_8729,var_8730,var_8731,var_8732,var_8733,var_8734,var_8735,var_8736,var_8737,var_8738,var_8739,var_8740,var_8741,var_8742,var_8743,var_8744,var_8745,var_8746,var_8747,var_8748,var_8749,var_8750
gene_63	63	17930930	17980930	36	var_8989,var_8990,var_8991,var_8992,var_8993,var_8994,var_8995,var_8996,var_8997,var_8998,var_8999,var_9000,var_9001,var_9002,var_9003,var_9004,var_9005,var_9006,var_9007,var_9008,var_9009,var_9010,var_9011,var_9012,var_9013,var_9014,var_9015,var_9016,var_9017,var_9018,var_9019,var_9020,var_9021,var_9022,var_9023,var_9024
gene_64	64	18091236	18141236	17	var_9082,var_9083,var_9084,var_9085,var_9086,var_9087,var_9088,var_9089,var_9090,var_9091,var_9092,var_9093,var_9094,var_9095,var_9096,var_9097,var_9098
gene_65	65	18223686	18273686	23	var_9135,var_9136,var_9137,var_9138,var_9139,var_9140,var_9141,var_9142,var_9143,var_9144,var_9145,var_9146,var_9147,var_9148,var_9149,var_9150,var_9151,var_9152,var_9153,var_9154,var_9155,var_9156,var_9157
gene_66	66	18469287	18519287	33	var_9247,var_9248,var_9249,var_9250,var_9251,var_9252,var_9253,var_9254,var_9255,var_9256,var_9257,var_9258,var_9259,var_9260,var_9261,var_9262,var_9263,var_9264,var_9265,var_9266,var_9267,var_9268,var_9269,var_9270,var_9271,var_9272,var_9273,var_9274,var_9275,var_9276,var_9277,var_9278,var_9279
gene_67	67	18557261	18607261	14	var_9304,var_9305,var_9306,var_9307,var_9308,var_9309,var_9310,var_9311,var_9312,var_9313,var_9314,var_9315,var_9316,var_9317
gene_68	68	19012381	19062381	22	var_9514,var_9515,var_9516,var_9517,var_9518,var_9519,var_9520,var_9521,var_9522,var_9523,var_9524,var_9525,var_9526,var_9527,var_9528,var_9529,var_9530,var_9531,var_9532,var_9533,var_9534,var_9535
gene_69	69	19081749	19131749	16	var_9549,var_9550,var_9551,var_9552,var_9553,var_9554,var_9555,var_9556,var_9557,var_9558,var_9559,var_9560,var_9561,var_9562,var_9563,var_9564
